nome_cliente,email_cliente
"Adam Y. Dale",Nam@Aliquamerat.net
"Adena R. Henson",laoreet@vulputate.com
"Alan A. Callahan",tristique@consectetueradipiscingelit.org
"Alexis G. Allison",Fusce.aliquam@ante.co.uk
"Aline R. Palmer",Vivamus.rhoncus@mattissemperdui.org
"Allen Schwartz",in@pedePraesenteu.com
"Althea Howe",dui.Suspendisse@fringillaDonecfeugiat.co.uk
"Amanda B. Jenkins",eu.erat@atiaculisquis.net
"Arsenio Q. Hale",Aliquam@sedpede.org
"Aurelia Avila",et.ipsum@venenatislacus.org
"Baker V. Schultz",diam.Sed@non.edu
"Brady O. Hensley",ac.mattis.semper@diamdictum.ca
"Breanna W. Cain",lectus.ante@sedest.com
"Brenden Q. Walters",risus.Donec.egestas@justoPraesentluctus.edu
"Brent I. Rhodes",tempus.lorem@sollicitudin.ca
"Brent Schmidt",nunc.sit.amet@metusIn.ca
"Brianna T. Gaines",justo.faucibus@quamvel.net
"Buckminster P. House",venenatis.a.magna@ut.co.uk
"Cadman W. Hutchinson",convallis.in@Namconsequatdolor.com
Calor,carlos@hotmail.com
"Chancellor Garcia",consectetuer.mauris@quispede.co.uk
"Charles Osborne",quis.pede@scelerisquemollisPhasellus.net
"Cheryl Townsend",Donec.luctus.aliquet@in.co.uk
"Coby Stevenson",tellus.faucibus@egestasurna.org
"Cody M. Rush",ac.feugiat.non@dolorDonecfringilla.net
"Colette Bradley",egestas@suscipitnonummy.org
"Cullen Ramirez",eget.metus@a.com
"Cullen York",vel.sapien@consectetuercursuset.edu
"Dana Fletcher",semper@et.com
"Daquan E. Atkinson",sapien.Nunc.pulvinar@uteratSed.com
"David Y. Hester",mi.Duis@Quisquefringillaeuismod.com
"Dean A. Bowers",Nam@etnetuset.org
"Derek Nelson",lacus@tellusjusto.ca
"Elizabeth I. Alvarez",et.pede.Nunc@dis.org
"Ella Z. Solis",nibh.Quisque@iaculisenimsit.edu
"Elton Bender",molestie@atpretiumaliquet.co.uk
Fabricio,fabricio@hotmail.com
"Ferris Paul",malesuada.malesuada@pharetrafelis.com
"Flynn Puckett",nibh.Quisque.nonummy@famesacturpis.edu
"Fuller Decker",mauris.Morbi@magnaLoremipsum.co.uk
"Garrison W. Chapman",varius.orci@dictum.edu
"Gay T. Caldwell",metus.facilisis.lorem@Morbinequetellus.ca
"Gemma Fuller",amet@purusNullam.org
"Gil Allen",eu@euismodurna.net
"Grace P. Adams",eget.metus.eu@lacusCras.net
"Guy Harper",Quisque.fringilla.euismod@aliquetliberoInteger.com
"Harding Blackburn",odio@auctorvelit.co.uk
"Heather N. Henson",luctus@luctussit.com
"Henry Torres",quis.urna@ametdiam.com
"Hiram L. Hudson",Mauris.ut@telluslorem.co.uk
"Holly Cannon",fames.ac@at.net
"Igor Rocha",mollis.nec@sed.ca
"Indira I. Obrien",eu.euismod.ac@tempordiam.edu
"Isaiah Bryant",non@Donec.edu
"Janna W. Bean",tellus.eu.augue@hendrerit.net
"Jaquelyn U. Duffy",Sed@auguemalesuada.co.uk
"Jessamine Hancock",consequat@nonante.co.uk
"Jocelyn X. Chang",urna.suscipit@nonarcuVivamus.ca
"José Victor",josevictormello@hotmail.com
"José Victor",josevictormello@hotmail.com
"Kane Murphy",dictum.mi.ac@IntegermollisInteger.edu
"Katelyn M. Waters",eget.magna@Integerinmagna.com
"Kenneth Tillman",sollicitudin@ipsumnonarcu.co.uk
"Kerry A. Bender",pharetra.Nam@pede.edu
"Kirestin Fry",enim@Crasdolor.org
"Kylie Carroll",nec@ultriciesdignissim.edu
"Kylynn O. Davenport",urna@lectusCumsociis.co.uk
"Lareina W. Leon",nisl@porttitor.edu
"Latifah Arnold",in.aliquet@feugiat.edu
"Lillian Nixon",egestas.a@leoelementum.com
"Louis Winters",sodales.purus.in@esttempor.co.uk
"Mara Q. Bender",ipsum.dolor@sodaleseliterat.ca
"Marcia V. Copeland",semper.dui@euduiCum.com
Maria,maria@hotmail.com
Maria,carlos@hotmail.com
"Mason O. Navarro",tristique@ipsumdolor.org
"May Allen",semper.erat@nectellusNunc.net
"Micah Rice",accumsan.interdum@neque.edu
"Neve E. Mcbride",elit.pede@Vestibulumuteros.co.uk
"Neve P. Lang",at.sem.molestie@loremauctorquis.com
"Nigel F. Norman",vel.convallis.in@Maurisvelturpis.edu
"Nina V. Wall",dolor@auctorodio.ca
"Octavius G. Mcknight",egestas@euplacerateget.edu
"Omar Dodson",Aliquam.nec.enim@euismodestarcu.org
"Paki French",luctus.et@mi.co.uk
"Pascale Chavez",metus.Aliquam@gravidasagittisDuis.org
"Paul F. Cochran",erat@vulputateposuere.ca
"Paula Prince",bibendum.ullamcorper.Duis@ornare.com
"Quail G. Mclaughlin",amet@egetlaoreetposuere.edu
"Quamar G. Pate",sed.leo@nec.net
"Rana W. Humphrey",magna.Sed.eu@Quisquevarius.net
"Rashad M. Young",Phasellus.elit@tellusnon.edu
"Raya M. Holloway",congue@nisl.edu
"Rhea X. Lindsay",ornare@ultricies.ca
"Rhiannon Griffin",Donec@tinciduntnuncac.org
"Riley R. Durham",nibh.Quisque@ullamcorpereu.org
"Ryan Cherry",felis@feugiatnecdiam.edu
"Samson Maxwell",risus.Donec.egestas@vulputateposuerevulputate.ca
"Savannah U. Hensley",eget@scelerisquemollis.net
"Sawyer Mathews",Duis.mi.enim@mauriserateget.com
"Sebastian N. Paul",malesuada@ligula.org
"Silas D. Kemp",auctor.odio.a@velsapien.ca
"Stacey Valentine",Donec@consectetuereuismodest.co.uk
"Tanisha T. Nielsen",elit@felisadipiscing.ca
"Teegan D. Harris",ut.ipsum@velitjusto.com
"Willow D. Gibbs",ac.mattis.semper@DonecegestasDuis.org
